delta,theta,low-alpha,high-alpha,low-beta,high-beta,low-gamma,mid-gamma,timestamp
1407327,171170,44197,58312,13457,10204,22775,11236,2022-03-13 22:45:03.757775
194824,206799,66709,32462,34736,21992,15554,22532,2022-03-13 22:45:04.754869
365049,16218,800,3422,2686,1890,1876,1077,2022-03-13 22:45:05.751677
93726,37515,12052,3564,3067,5215,3034,2897,2022-03-13 22:45:06.782253
1426224,609364,43447,62864,48300,25914,20139,21923,2022-03-13 22:45:07.751802
1446684,61637,5920,26324,24296,22054,13367,14341,2022-03-13 22:45:08.779631
414160,87522,13800,7551,18191,7665,2772,5598,2022-03-13 22:45:09.761035
840403,143020,7921,14000,13617,7580,13219,6132,2022-03-13 22:45:10.761094
1013642,60297,10204,5695,4804,14781,5875,8700,2022-03-13 22:45:11.751597
7645,19109,6914,9561,25508,23561,27783,19288,2022-03-13 22:45:12.750451
168375,15344,2226,2451,3482,3595,5418,1764,2022-03-13 22:45:13.751031
193395,291706,138928,111975,112561,72020,47402,61914,2022-03-13 22:45:14.753569
1834699,309027,368919,176654,41327,49715,40315,27351,2022-03-13 22:45:15.799450
218534,18250,12267,6813,6253,5442,2936,1829,2022-03-13 22:45:16.758406
75587,31091,3429,5594,6317,5207,3256,4161,2022-03-13 22:45:17.751019
305451,16003,4472,15968,13217,38462,49290,17104,2022-03-13 22:45:18.746759
56653,27133,13023,14311,19993,36969,41751,9703,2022-03-13 22:45:19.793137
15578,162643,18413,6242,5600,43941,39636,14937,2022-03-13 22:45:20.752858
83549,118916,36469,21795,14469,28959,31100,12224,2022-03-13 22:45:21.769482
374779,270305,42993,47588,8710,21315,19812,10081,2022-03-13 22:45:22.780692
202160,79725,29621,34098,9469,42942,12507,6267,2022-03-13 22:45:23.756596
8042,9475,7052,36205,10308,16496,22790,6635,2022-03-13 22:45:24.745472
173779,9675,14230,8677,4935,7245,1323,1802,2022-03-13 22:45:25.758970
6114,6560,2580,53218,14168,16367,11470,8910,2022-03-13 22:45:26.783845
24980,35283,2635,9428,3312,14198,9952,4770,2022-03-13 22:45:27.747329
151370,9140,5985,5900,4442,5491,4841,4210,2022-03-13 22:45:28.757794
1108388,115725,19346,25357,22182,35514,26190,9876,2022-03-13 22:45:29.748311
1056137,100609,20808,18160,6343,6424,5703,2120,2022-03-13 22:45:30.758730
84879,9674,3067,3495,4299,6059,3348,4043,2022-03-13 22:45:31.746100
8702,5777,23295,14909,11388,14314,13185,17354,2022-03-13 22:45:32.753519
801483,48715,25852,7393,8764,3738,4068,818,2022-03-13 22:45:33.774450
75460,11429,3608,1856,1953,7744,2557,2193,2022-03-13 22:45:34.749805
21238,27187,1996,9650,23547,10592,9728,6289,2022-03-13 22:45:35.758581
25967,41188,9442,4547,14491,15865,9263,9114,2022-03-13 22:45:36.758711
202273,9649,4657,1228,2746,2193,712,480,2022-03-13 22:45:37.765609
77296,44565,3705,45719,12053,26424,15236,16203,2022-03-13 22:45:38.785710
432968,407329,39837,48233,16875,30488,13812,12193,2022-03-13 22:45:39.763122
262786,30502,2262,308,1611,2770,1146,546,2022-03-13 22:45:40.764513
55691,20588,6125,6228,3912,6279,2538,3116,2022-03-13 22:45:41.752114
3972,13399,3031,4905,5414,20497,15671,6617,2022-03-13 22:45:42.758695
248386,51325,10962,4335,3439,7586,8524,5297,2022-03-13 22:45:43.755092
2203056,260647,38982,20844,8732,95434,62106,24932,2022-03-13 22:45:44.782755
289468,56562,5719,5424,2146,6963,6117,2980,2022-03-13 22:45:45.758061
1156458,79032,9133,85510,22305,29022,19959,7390,2022-03-13 22:45:46.757757
318684,127680,38118,47975,56437,33413,21291,6538,2022-03-13 22:45:47.770893
97797,71053,36891,10269,19095,6020,9229,3089,2022-03-13 22:45:48.756770
372984,22072,38852,8002,32584,22725,20721,18471,2022-03-13 22:45:49.751162
688216,181939,12884,17679,29847,15670,12761,2995,2022-03-13 22:45:50.758708
36456,76900,15026,36960,23244,30934,18125,10323,2022-03-13 22:45:51.771986
1626023,384978,125903,63670,56695,18516,27108,6516,2022-03-13 22:45:52.750479
292251,53179,57610,21046,20479,22970,18301,5810,2022-03-13 22:45:53.772487
16768,14290,18861,25690,24475,17494,17588,7873,2022-03-13 22:45:54.766021
651024,459032,83411,17719,71959,23188,9593,5898,2022-03-13 22:45:55.753273
59331,35225,5048,40258,9522,15318,10581,7957,2022-03-13 22:45:56.749880
1903705,280619,44218,43444,37634,23203,12437,8495,2022-03-13 22:45:57.748567
62640,23552,6689,21208,21521,19089,30221,6849,2022-03-13 22:45:58.758324
16289,11397,7723,10643,24720,14738,29540,18740,2022-03-13 22:45:59.751877
44439,13804,45652,13930,31512,15425,23695,9356,2022-03-13 22:46:00.746181
1938589,356564,55467,90336,14614,14525,12274,10584,2022-03-13 22:46:01.746638
14876,12095,5657,13408,8098,13291,8401,9964,2022-03-13 22:46:02.790821
24665,22903,16467,24001,23957,7367,8071,7452,2022-03-13 22:46:03.753011
89077,23051,3571,1080,472,732,423,188,2022-03-13 22:46:04.753157
461453,32502,8906,6707,9163,8949,6179,1296,2022-03-13 22:46:05.752347
26442,42162,15051,5739,19007,10565,10374,15265,2022-03-13 22:46:06.751179
101491,10653,2430,2418,5925,5739,2056,1279,2022-03-13 22:46:07.759842
633034,155380,8699,17712,15168,29092,9697,6107,2022-03-13 22:46:08.749732
166511,47465,18662,6312,4507,4552,7979,4141,2022-03-13 22:46:09.769658
74077,15003,54052,6754,26336,21446,12303,12834,2022-03-13 22:46:10.782977
108716,5264,2689,7371,1731,2684,2013,1187,2022-03-13 22:46:11.747380
29779,15914,2362,11817,6461,14395,10915,9556,2022-03-13 22:46:12.754015
12445,21516,4056,10075,3609,3266,2009,905,2022-03-13 22:46:13.751254
781318,104438,14180,32559,7887,45330,32530,8954,2022-03-13 22:46:14.758850
286045,292387,667539,459531,279424,427141,99450,45196,2022-03-13 22:46:15.754252
1582847,118891,43908,5518,23841,13403,22656,33595,2022-03-13 22:46:16.766276
403793,1427432,412827,40143,82232,79267,53308,119388,2022-03-13 22:46:17.750559
120263,2196,1535,1027,526,860,1876,1167,2022-03-13 22:46:18.757994
275113,103581,32577,7011,11385,3148,7086,7414,2022-03-13 22:46:19.752527
180742,186369,16271,9161,57271,29359,23508,9911,2022-03-13 22:46:20.765484
93092,38884,3541,7714,3767,3890,7604,7854,2022-03-13 22:46:21.752962
715753,50682,8614,10930,13391,27579,16188,16790,2022-03-13 22:46:22.758573
270052,13612,9557,3561,6069,15676,2581,9357,2022-03-13 22:46:23.761752
21241,36005,1636,15981,12807,15584,12156,21943,2022-03-13 22:46:24.759506
153014,169231,110967,30599,18871,43460,43258,24871,2022-03-13 22:46:25.778256
620748,250304,58250,28278,21324,19356,43577,33364,2022-03-13 22:46:26.781689
129130,25898,12991,22057,25793,18341,45022,17858,2022-03-13 22:46:27.791337
504270,131575,29899,28094,21666,44828,73813,16809,2022-03-13 22:46:28.757602
1254713,127513,31666,34794,20497,45428,52497,22264,2022-03-13 22:46:29.759472
96315,12809,899,3105,4115,4046,7899,6117,2022-03-13 22:46:30.753162
504542,1027769,1809235,94235,113884,219610,75556,148599,2022-03-13 22:46:31.746308
1390535,501366,128985,32281,153587,68514,144839,22718,2022-03-13 22:46:32.746969
1082614,27997,12775,10211,23960,10491,27720,5884,2022-03-13 22:46:33.751929
1219314,13858,29037,29508,21301,13422,55736,14330,2022-03-13 22:46:34.772550
2070955,844835,267619,276034,57100,70793,227425,100172,2022-03-13 22:46:35.754126
1212332,525417,80231,40468,30454,25560,25636,31469,2022-03-13 22:46:36.752268
1023423,200186,83777,11612,58073,98568,102370,50008,2022-03-13 22:46:37.751648
934322,36010,4354,3232,3034,8902,6313,2386,2022-03-13 22:46:38.793979
119492,9470,1742,11071,1744,5394,11284,5245,2022-03-13 22:46:39.747532
317604,360190,45895,7814,22128,10677,10010,11757,2022-03-13 22:46:40.751545
1023497,212270,29982,26265,13127,16686,12918,5377,2022-03-13 22:46:41.753516
26219,10166,1748,5677,1264,3225,4084,859,2022-03-13 22:46:42.778153
18691,88090,1265,2784,2266,3157,5857,1794,2022-03-13 22:46:43.752018
216036,29318,4403,3850,9799,6167,15184,12698,2022-03-13 22:46:44.759289
393869,133720,15158,2099,5216,7084,12656,9062,2022-03-13 22:46:45.786271
103829,58816,4650,21470,5501,15886,4992,5535,2022-03-13 22:46:46.755586
2182155,1271115,304186,95695,118193,66989,153527,53144,2022-03-13 22:46:47.758756
1560239,441115,32774,49443,73807,139367,71160,48148,2022-03-13 22:46:48.754279
286861,45958,14168,5110,2130,2644,5548,3035,2022-03-13 22:46:49.750625
1506621,78121,19058,15607,5615,9481,7368,5311,2022-03-13 22:46:50.747004
507704,61549,18970,5063,7472,8053,11653,7944,2022-03-13 22:46:51.759337
1459208,282016,14653,61224,15604,40737,38347,58342,2022-03-13 22:46:52.776686
164571,31025,17129,34374,26831,61853,28989,30814,2022-03-13 22:46:53.749216
173789,78272,3219,11568,5040,7726,9180,2857,2022-03-13 22:46:54.754554
40837,26331,4211,4282,9603,6407,8226,5214,2022-03-13 22:46:55.753544
479089,222900,38276,22496,33198,50602,31354,31200,2022-03-13 22:46:56.753503
1290952,104396,6422,37983,28927,44921,30172,19798,2022-03-13 22:46:57.773883
1734503,220628,22262,37575,18067,50017,28636,34420,2022-03-13 22:46:58.769605
29120,9599,1921,37124,20988,33770,31260,7482,2022-03-13 22:46:59.748992
177057,61986,14912,19632,39362,23182,37668,26714,2022-03-13 22:47:00.752208
244799,51906,3200,2344,3220,6597,8216,3908,2022-03-13 22:47:01.760149
424320,45320,27905,8351,18747,44291,21969,18478,2022-03-13 22:47:02.754725
924144,396372,327148,83870,86242,267527,181013,112674,2022-03-13 22:47:03.775757
236217,4897,2415,2729,1722,3318,2764,1096,2022-03-13 22:47:04.747980
1325722,114309,9827,31449,10546,21782,14307,11308,2022-03-13 22:47:05.747470
784657,29554,8896,8378,11180,14437,11612,5436,2022-03-13 22:47:06.755590
358118,42061,53562,13812,11167,8675,7260,2860,2022-03-13 22:47:07.752734
1983280,132853,20889,48908,54214,33762,38611,33504,2022-03-13 22:47:08.744317
70298,43631,7120,9574,5788,13384,5428,6648,2022-03-13 22:47:09.760168
24874,14028,41174,16005,9606,20911,37537,20443,2022-03-13 22:47:10.789838
9661,12614,26533,9641,17871,21180,33271,9230,2022-03-13 22:47:11.755186
6750,15473,8200,51161,22770,8234,13856,1998,2022-03-13 22:47:12.754821
186184,7800,1099,5080,2861,5522,2771,2501,2022-03-13 22:47:13.753740
58767,43508,35505,18046,14682,10423,8900,4594,2022-03-13 22:47:14.770279
26391,22339,24049,25487,31810,21044,48377,12450,2022-03-13 22:47:15.752520
7210,27706,7995,25181,61579,25381,23089,5324,2022-03-13 22:47:16.747426
82942,40385,65039,25869,25863,33234,18583,8043,2022-03-13 22:47:17.785225
1371121,51714,41858,4314,25708,15052,12208,9039,2022-03-13 22:47:18.755144
1644116,1801414,497721,1348093,612579,965336,374624,171660,2022-03-13 22:47:19.749095
1122335,217615,100597,39148,77097,93424,107366,35524,2022-03-13 22:47:20.758642
830157,324223,16621,53258,24601,83031,137859,16184,2022-03-13 22:47:21.783453
310909,41296,5112,2609,8221,4199,11371,2386,2022-03-13 22:47:22.755723
6502,51312,43902,50934,9513,51859,22826,15821,2022-03-13 22:47:23.745434
1021283,30818,8988,19324,16540,24751,34876,11086,2022-03-13 22:47:24.753785
105768,38270,6375,7761,2735,5900,4221,2060,2022-03-13 22:47:25.753208
37307,49324,4588,7023,3218,6004,10024,3346,2022-03-13 22:47:26.757357
38942,22791,15053,38913,39823,36257,18777,8233,2022-03-13 22:47:27.752819
22245,2328,13367,10767,6592,29677,14093,7790,2022-03-13 22:47:28.785676
23513,13028,8178,24971,22156,21816,17610,6131,2022-03-13 22:47:29.775739
19688,7869,3680,7090,23893,26501,6008,11216,2022-03-13 22:47:30.770775
56650,49079,17705,12973,12922,21251,26337,13868,2022-03-13 22:47:31.761054
441049,70607,38638,6889,14517,16607,13562,32138,2022-03-13 22:47:32.749039
64088,6760,26238,25172,24366,14450,15770,6911,2022-03-13 22:47:33.752055
10303,13801,30170,82009,14682,28503,24889,4846,2022-03-13 22:47:34.745952
19677,1286,35141,58968,14688,9585,49714,4794,2022-03-13 22:47:35.768246
55063,48903,12093,30437,29250,14782,9019,9799,2022-03-13 22:47:36.748259
8251,16828,8042,11439,7480,16419,19253,9144,2022-03-13 22:47:37.754751
491278,191882,18089,17752,5991,27063,17762,10943,2022-03-13 22:47:38.753717
14570,14950,10149,11135,10041,8376,11477,8017,2022-03-13 22:47:39.751578
16203,28442,18560,4594,13883,24929,8458,4856,2022-03-13 22:47:40.761222
316682,32258,20401,22188,5118,7766,1011,1888,2022-03-13 22:47:41.757724
14328,52697,6087,22458,19011,36239,30826,9994,2022-03-13 22:47:42.759709
50497,17626,1771,5497,3945,7666,4315,1531,2022-03-13 22:47:43.753502
22212,13236,46668,4283,7414,25993,4484,8376,2022-03-13 22:47:44.760194
1042032,119128,17512,31249,7156,31551,20711,8316,2022-03-13 22:47:45.749661
17066,14444,5588,17817,21695,29889,7196,7002,2022-03-13 22:47:46.810140
16447,8378,89376,37751,23776,23564,14037,9737,2022-03-13 22:47:47.749762
8956,5703,40508,28231,9047,22453,6917,6939,2022-03-13 22:47:48.759864
39112,48532,16286,11905,2692,3348,2874,3165,2022-03-13 22:47:49.746548
42076,14757,21855,94468,14918,24571,16552,10017,2022-03-13 22:47:50.744652
652424,1755603,1006225,308788,298705,446505,295092,110151,2022-03-13 22:47:51.754695
1146108,45572,20205,22048,12794,9650,11140,9617,2022-03-13 22:47:52.755112
2930780,169268,85319,84318,52968,72468,61681,43114,2022-03-13 22:47:53.786542
240219,366746,6166,51233,39335,33574,58676,45141,2022-03-13 22:47:54.750683
196563,133757,81247,18601,4415,12999,11337,7837,2022-03-13 22:47:55.752934
528375,95631,3020,24476,12533,13291,11707,6853,2022-03-13 22:47:56.760530
351491,31585,3661,35400,25712,31014,23333,16967,2022-03-13 22:47:57.749838
895383,221538,25847,13877,64323,111599,108786,49618,2022-03-13 22:47:58.751739
1450796,114004,73763,9124,14324,9201,25630,8035,2022-03-13 22:47:59.745653
1453223,113559,16780,6904,13422,10804,24061,4515,2022-03-13 22:48:00.772217
872019,184258,25354,59155,46930,58445,33176,13690,2022-03-13 22:48:01.751172
388189,40321,6049,16614,4178,32852,30306,22412,2022-03-13 22:48:02.781143
427095,112021,30918,12139,43927,32040,25025,26664,2022-03-13 22:48:03.746438
459042,216368,77460,10205,12439,13152,25746,6400,2022-03-13 22:48:04.788094
1034984,392885,108436,47132,37922,27792,39189,18067,2022-03-13 22:48:05.752007
1832003,96373,29787,39835,13864,22922,34638,19829,2022-03-13 22:48:06.759685
1141192,161699,66321,35422,32232,23597,28490,33641,2022-03-13 22:48:07.758844
9809,9849,21943,51776,8417,27320,21546,13716,2022-03-13 22:48:08.751912
233373,11163,353,3469,3290,5369,4651,1945,2022-03-13 22:48:09.750085
113436,11647,11507,5590,5651,9597,3882,4399,2022-03-13 22:48:10.753559
28926,4397,10760,12253,14283,29255,54990,13239,2022-03-13 22:48:11.788141
75402,25673,11933,105596,4772,38657,25566,12698,2022-03-13 22:48:12.749598
60252,48543,9569,19556,1740,4695,3184,2005,2022-03-13 22:48:13.761719
547040,417908,8438,50626,50177,44170,30961,14235,2022-03-13 22:48:14.754838
251904,22136,2679,2950,2316,931,1372,530,2022-03-13 22:48:15.755152
1836,17091,37258,18648,16076,31221,15005,8655,2022-03-13 22:48:16.759134
37622,25385,1987,5522,2643,6005,6025,1617,2022-03-13 22:48:17.749430
60419,54444,5149,14455,2281,6195,2789,2097,2022-03-13 22:48:18.801229
172790,231833,69295,25027,22240,10277,10343,3774,2022-03-13 22:48:19.759283
4367,8546,6221,20623,12651,15073,12853,15367,2022-03-13 22:48:20.746225
50995,6780,5090,5667,10418,8260,2735,1486,2022-03-13 22:48:21.748439
12649,10903,8366,5867,22280,20613,9589,12461,2022-03-13 22:48:22.750714
29343,10829,2794,19003,27353,8935,15539,21044,2022-03-13 22:48:23.745592
79161,19362,13134,6571,10953,4246,1585,2992,2022-03-13 22:48:24.753293
968073,136186,42724,21232,24009,15488,18934,5112,2022-03-13 22:48:25.773987
23532,27647,26316,59678,49525,26193,24857,4850,2022-03-13 22:48:26.761246
1330830,58534,42898,90548,108492,13411,15534,14469,2022-03-13 22:48:27.751136
210190,18275,8552,9749,9648,9798,6192,3067,2022-03-13 22:48:28.747063
1096636,76152,25985,114603,65411,21493,17770,18315,2022-03-13 22:48:29.788712
48247,31341,18868,7305,5737,10395,5466,3098,2022-03-13 22:48:30.753750
177495,83617,2036,9908,4199,6900,6648,4454,2022-03-13 22:48:31.745955
14447,42835,18538,13816,18354,18441,14727,17605,2022-03-13 22:48:32.749191
16823,11180,20301,11220,6101,15646,15352,4860,2022-03-13 22:48:33.772929
51994,4211,24344,10690,15824,21626,8277,4906,2022-03-13 22:48:34.769639
82263,7727,10664,12765,3319,5078,2414,1629,2022-03-13 22:48:35.755018
6423,5717,47559,14365,11689,14382,15215,4462,2022-03-13 22:48:36.769738
36754,27697,1984,11708,7960,1727,4832,1134,2022-03-13 22:48:37.747478
12284,27269,46402,50504,9682,41504,7021,5218,2022-03-13 22:48:38.756945
347466,236381,119439,13383,19391,24038,31643,13071,2022-03-13 22:48:39.749557
925336,231544,66854,6597,28380,56951,95240,29321,2022-03-13 22:48:40.748471
3150302,1403582,522902,111830,263575,169469,218938,135797,2022-03-13 22:48:41.758015
1704143,316226,36516,79865,128295,32287,67557,37232,2022-03-13 22:48:42.754156
170336,67664,35326,3011,4821,10075,2967,3043,2022-03-13 22:48:43.780828
379344,15673,7078,7135,7589,10958,5136,5176,2022-03-13 22:48:44.751579
1884337,114057,8502,10161,22498,6625,5606,5484,2022-03-13 22:48:45.751809
1102932,791844,26670,17965,26735,54897,34745,28902,2022-03-13 22:48:46.758334
251933,12933,4954,1925,2849,2755,3125,1116,2022-03-13 22:48:47.772976
389952,37490,32705,5134,34709,49776,53301,19020,2022-03-13 22:48:48.743364
319054,27967,4623,7759,2917,4628,10356,3383,2022-03-13 22:48:49.757663
2229,6822,22774,27605,11326,33576,15587,8922,2022-03-13 22:48:50.792618
786698,391501,15134,27839,18940,23583,53352,27071,2022-03-13 22:48:51.758002
73520,19919,7858,15142,16755,6417,21022,5869,2022-03-13 22:48:52.750129
405660,170963,26419,64874,34595,34398,21447,20792,2022-03-13 22:48:53.752231
33684,6570,6890,39608,26031,29510,59294,18552,2022-03-13 22:48:54.783334
1661373,736214,183853,144560,23384,93010,37532,17701,2022-03-13 22:48:55.747851
1101117,128317,34279,68500,54652,33577,39605,7544,2022-03-13 22:48:56.753720
160997,23684,7894,11216,1648,3592,2881,2475,2022-03-13 22:48:57.753944
1684765,112811,74690,8166,10553,27779,19478,17393,2022-03-13 22:48:58.752880
119295,13762,12645,2547,1398,1574,1292,588,2022-03-13 22:48:59.752033
464874,461105,172395,20224,29554,40187,50773,30819,2022-03-13 22:49:00.744569
1115613,131795,60144,112605,94303,59656,61684,64795,2022-03-13 22:49:01.778393
64823,22323,17659,6942,3509,2422,2308,2309,2022-03-13 22:49:02.744872
118514,114104,24811,16534,17939,12557,9590,6505,2022-03-13 22:49:03.752805
757344,79477,22231,14245,5278,9181,11459,2414,2022-03-13 22:49:04.745845
262474,87990,24152,25525,22093,37528,33027,18237,2022-03-13 22:49:05.749467
957738,100470,19905,8843,21364,9517,13465,14056,2022-03-13 22:49:06.777430
1769161,148357,19100,25940,12123,73127,34523,13094,2022-03-13 22:49:07.747987
1491193,159653,19201,40144,6678,29340,44695,9417,2022-03-13 22:49:08.765679
421179,75458,5734,53975,17409,48240,14443,20138,2022-03-13 22:49:09.755067
17521,10486,31558,6664,20246,28382,35047,11787,2022-03-13 22:49:10.757011
1394662,295310,35587,30714,24648,28673,22814,18244,2022-03-13 22:49:11.751730
98820,21320,2299,6095,6387,2854,10555,2181,2022-03-13 22:49:12.802094
478780,9910,16741,52316,10480,16020,25882,7534,2022-03-13 22:49:13.758007
587459,155110,69418,8052,34493,51017,35594,24298,2022-03-13 22:49:14.751987
730738,47039,13839,22294,4514,6312,6872,1824,2022-03-13 22:49:15.764592
104756,3207,19271,3462,3188,2628,6899,2110,2022-03-13 22:49:16.748767
334129,59755,1699,1831,6573,9769,5955,3331,2022-03-13 22:49:17.753227
62959,23285,5001,24432,3966,10367,10844,4473,2022-03-13 22:49:18.758501
462097,58158,43885,45581,9533,16113,26009,9387,2022-03-13 22:49:19.777244
88092,24523,8869,2739,8139,13027,12946,5844,2022-03-13 22:49:20.750753
1445395,308550,190514,81428,6027,31745,52172,29276,2022-03-13 22:49:21.758961
10241,7217,5035,9342,32440,32121,13320,3282,2022-03-13 22:49:22.770447
461110,221534,33362,51064,20143,33425,43800,14526,2022-03-13 22:49:23.753188
443897,64228,5028,28704,14104,31614,29916,20997,2022-03-13 22:49:24.758794
48590,26248,2472,602,6946,4469,2560,2277,2022-03-13 22:49:25.755289
30169,9591,5742,15251,9012,23170,14079,9430,2022-03-13 22:49:26.765647
322036,28131,11142,3250,5936,2114,4080,613,2022-03-13 22:49:27.751593
12276,33170,24789,11991,20447,17694,20041,20311,2022-03-13 22:49:28.744126
80417,24104,7093,33254,17380,23903,7796,29288,2022-03-13 22:49:29.743977
19330,16795,16321,12410,6732,21059,15568,9400,2022-03-13 22:49:30.764534
18357,67595,3038,16841,22928,19803,9233,5997,2022-03-13 22:49:31.751658
2940,18123,43905,25874,18920,18366,16008,11002,2022-03-13 22:49:32.751958
164764,36962,16629,4886,5190,4602,2994,1058,2022-03-13 22:49:33.755412
701199,68067,22722,5509,22536,5992,4528,5840,2022-03-13 22:49:34.748275
333621,71879,4286,3399,7113,16096,4104,5644,2022-03-13 22:49:35.746747
1292830,286050,17518,26313,8898,18957,13050,32035,2022-03-13 22:49:36.753188
122761,139749,27087,8437,19287,25727,23036,8532,2022-03-13 22:49:37.803337
2031477,321924,631837,672788,355015,157850,93894,30163,2022-03-13 22:49:38.778818
750925,77514,14300,3690,9169,25249,13080,10010,2022-03-13 22:49:39.749642
444503,647846,112139,28461,48847,54411,90542,51362,2022-03-13 22:49:40.754585
43812,27819,7713,26668,20228,24369,37917,14200,2022-03-13 22:49:41.750317
24160,37395,5011,26342,22554,29757,23274,9490,2022-03-13 22:49:42.753973
166486,141266,149210,63790,22668,40331,22271,14790,2022-03-13 22:49:43.750556
2415347,512234,277884,45309,107068,87968,24605,60498,2022-03-13 22:49:44.772847
684327,60296,13115,11583,3174,4284,6786,5444,2022-03-13 22:49:45.751525
184875,12564,814,1997,1668,1933,2503,2409,2022-03-13 22:49:46.755963
1594952,430613,83222,21204,22524,17334,14091,13799,2022-03-13 22:49:47.752775
601282,203876,50855,27088,11142,5637,13485,18371,2022-03-13 22:49:48.746172
749821,208978,76762,28390,19666,54787,45733,47165,2022-03-13 22:49:49.742138
578089,336079,28838,34385,28107,20077,12544,15280,2022-03-13 22:49:50.755985
1148292,207833,107255,16955,9881,12006,17108,20511,2022-03-13 22:49:51.764406
2366232,322073,30973,17412,7573,12810,37258,19913,2022-03-13 22:49:52.751122
1430663,117109,27665,25888,18572,43794,49145,19356,2022-03-13 22:49:53.743955
1046156,551459,24207,59356,89912,74286,70820,32776,2022-03-13 22:49:54.772449
636722,92385,82991,6449,9126,14307,19861,8282,2022-03-13 22:49:55.795662
1052263,668352,42760,76715,63514,33027,198993,61209,2022-03-13 22:49:56.748789
1453910,15953,16773,4964,7496,13759,13125,14034,2022-03-13 22:49:57.747578
1569514,369312,311275,130133,49753,258703,116810,27332,2022-03-13 22:49:58.751807
1732952,698909,348224,437238,65659,198758,556778,29145,2022-03-13 22:49:59.751861
424978,145401,10017,16839,11731,12960,23833,14254,2022-03-13 22:50:00.750743
56822,195897,21487,9650,16750,28054,23079,10339,2022-03-13 22:50:01.749447
1524445,1172612,258878,56919,99645,291869,93610,62008,2022-03-13 22:50:02.768664
1473456,248468,25444,29325,11627,15137,16129,6907,2022-03-13 22:50:03.743759
82072,7941,7604,2843,2564,2838,6459,1941,2022-03-13 22:50:04.753908
1735114,237308,31253,24143,46923,27673,110628,18129,2022-03-13 22:50:05.758298
901555,43323,5093,1818,8389,2889,2472,925,2022-03-13 22:50:06.754633
503827,47951,12272,19037,17742,23811,19204,18143,2022-03-13 22:50:07.752023
464109,63499,12057,14353,8909,22150,46212,7860,2022-03-13 22:50:08.742425
526575,289204,255479,129468,24400,24936,44047,23039,2022-03-13 22:50:09.769641
258305,2303,1479,2833,2182,2381,3937,1897,2022-03-13 22:50:10.761677
140373,4540,1794,1983,5011,2283,3958,3752,2022-03-13 22:50:11.754232
86215,15795,7112,12979,9614,4262,2723,3288,2022-03-13 22:50:12.743816
65996,8609,3362,1549,6407,4171,5790,5346,2022-03-13 22:50:13.776397
108240,28540,7844,29849,16738,12796,32949,4988,2022-03-13 22:50:14.753948
44353,41167,14214,21617,14508,8894,8802,10059,2022-03-13 22:50:15.756860
13826,62827,10241,9679,3659,4258,8847,4208,2022-03-13 22:50:16.752138
88482,174039,151193,25800,22180,11577,6375,7048,2022-03-13 22:50:17.752901
182282,45099,26991,26721,11238,15300,5491,2741,2022-03-13 22:50:18.753425
25324,16958,8081,37912,12582,5890,8388,4906,2022-03-13 22:50:19.752910
151262,22693,21400,11890,6026,4406,1101,2906,2022-03-13 22:50:20.783233
303417,446483,72440,42850,51134,40423,19296,11155,2022-03-13 22:50:21.750012
10931,9398,6524,30110,7382,9951,15895,10409,2022-03-13 22:50:22.747885
2721,21544,59248,23871,7903,15456,6568,8328,2022-03-13 22:50:23.749717
8172,7246,22808,41139,5324,13806,12766,6502,2022-03-13 22:50:24.751122
201844,15003,3204,7015,4515,1902,4415,3917,2022-03-13 22:50:25.747078
179931,669371,221363,135818,74592,44955,50093,33242,2022-03-13 22:50:26.771904
816425,202411,87098,55914,19562,33966,42158,37789,2022-03-13 22:50:27.783598
1412007,1191195,37292,205475,58501,137656,121374,71619,2022-03-13 22:50:28.755281
41338,27248,9699,9764,15801,8445,7922,1826,2022-03-13 22:50:29.753713
6200,12271,17448,32798,9066,11732,4001,3834,2022-03-13 22:50:30.751137
110712,28592,8588,4259,2803,953,791,1447,2022-03-13 22:50:31.784111
123612,44268,8088,14219,14726,9765,6851,4149,2022-03-13 22:50:32.755273
920652,143924,39858,27084,13508,27649,18718,12069,2022-03-13 22:50:33.743171
1388729,138796,218061,78590,14891,49536,24158,40002,2022-03-13 22:50:34.751687
800798,309404,124683,272138,43268,15363,21476,29274,2022-03-13 22:50:35.756924
1006889,107383,14745,8058,11428,19526,9217,11501,2022-03-13 22:50:36.758184
87458,27130,32271,22768,18145,25863,26004,26670,2022-03-13 22:50:37.746177
467122,41804,9061,38183,35444,29410,17491,6751,2022-03-13 22:50:38.789449
562916,65617,12949,29199,25414,30448,25246,12372,2022-03-13 22:50:39.756223
392978,101490,12820,4060,20229,20404,20187,24711,2022-03-13 22:50:40.757394
297289,9822,9585,2849,4324,5759,2916,2723,2022-03-13 22:50:41.764389
8401,21518,3896,24950,12939,15872,23574,6445,2022-03-13 22:50:42.765745
807227,197738,17882,33155,11761,16237,21745,5096,2022-03-13 22:50:43.753423
37829,31292,13440,13458,21958,19341,15762,3720,2022-03-13 22:50:44.747209
11642,23815,8738,20882,19233,11526,11609,18077,2022-03-13 22:50:45.783684
4140,7348,5556,31308,5719,25939,15689,8911,2022-03-13 22:50:46.754937
187526,2839,613,1736,1179,1437,1499,711,2022-03-13 22:50:47.752116
942054,68756,17971,44248,26880,22641,9037,6511,2022-03-13 22:50:48.745178
390234,10807,3677,2053,1943,1183,888,559,2022-03-13 22:50:49.756495
15924,55967,32948,56063,16946,9775,15985,15215,2022-03-13 22:50:50.747419
58814,141015,9427,4332,14711,11663,15098,3715,2022-03-13 22:50:51.753147
136145,57059,4768,4188,9589,10228,11974,4450,2022-03-13 22:50:52.753365
139901,98514,19046,8727,2091,4278,3756,2072,2022-03-13 22:50:53.756574
542286,107302,85838,18245,6086,22950,12265,9883,2022-03-13 22:50:54.754059
15368,11525,19431,12761,17841,15589,10098,8135,2022-03-13 22:50:55.750769
9770,12012,2606,5129,17448,17011,16485,11983,2022-03-13 22:50:56.791728
297029,15375,1933,9355,2148,3222,3014,4272,2022-03-13 22:50:57.750067
12098,15996,8960,45526,3157,36484,16504,12206,2022-03-13 22:50:58.768959
879539,30482,39706,30774,18828,12525,18699,12217,2022-03-13 22:50:59.747896
15868,7086,8805,50718,13414,14427,14887,7793,2022-03-13 22:51:00.755560
2138129,71374,20054,41902,25959,22171,14826,42905,2022-03-13 22:51:01.741996
656015,418756,41978,27095,23815,50844,66826,19147,2022-03-13 22:51:02.741650
90668,492610,21481,254416,351891,157109,230964,168489,2022-03-13 22:51:03.771449
988380,350991,27656,326408,112326,296753,184829,91483,2022-03-13 22:51:04.751157
1767914,295213,3478,78003,119406,60824,92488,59428,2022-03-13 22:51:05.752835
1578085,684594,1579980,159661,327014,320889,388147,136863,2022-03-13 22:51:06.745796
333083,429935,24679,34062,43612,39839,16111,18927,2022-03-13 22:51:07.749339
1497656,228461,165508,98231,82861,92164,182817,82503,2022-03-13 22:51:08.745777
2437258,625598,139217,50823,76285,86278,30431,45822,2022-03-13 22:51:09.746559
594869,69647,16384,4601,15152,24223,7393,7714,2022-03-13 22:51:10.769070
580635,901139,61095,244490,88874,129635,144762,114755,2022-03-13 22:51:11.746736
940450,217567,13337,65497,30510,38692,31352,12014,2022-03-13 22:51:12.752204
119895,15787,2342,2756,1919,2510,5028,2954,2022-03-13 22:51:13.753354
226923,178677,80542,27835,21917,34437,41548,25395,2022-03-13 22:51:14.763909
207578,12264,11816,2496,3250,1170,3730,1313,2022-03-13 22:51:15.752241
1449188,313222,26732,51704,17726,21322,48021,9399,2022-03-13 22:51:16.751477
325139,236256,49814,47923,35770,22886,14171,25681,2022-03-13 22:51:17.755423
631080,39046,1421,7739,2853,2959,1305,2031,2022-03-13 22:51:18.748829
2146642,2125838,336808,348475,166941,181237,449596,186551,2022-03-13 22:51:19.756966
599655,36330,10812,26895,14586,11950,10580,13799,2022-03-13 22:51:20.755037
177570,31210,2158,14634,3977,5915,21013,4586,2022-03-13 22:51:21.774143
1393869,511827,296777,289407,236969,175162,640055,83545,2022-03-13 22:51:22.742199
942812,599301,320815,59602,109786,157777,148148,67052,2022-03-13 22:51:23.749033
1272483,48264,28128,32946,36309,45294,81196,87748,2022-03-13 22:51:24.744158
1216024,143864,70050,20259,28521,25552,20410,13089,2022-03-13 22:51:25.743640
2884103,190880,29757,14800,24903,37488,45212,9519,2022-03-13 22:51:26.748711
338004,412590,61433,29482,10191,42832,43779,13340,2022-03-13 22:51:27.750850
1284469,131227,105421,94287,67687,47699,74503,33853,2022-03-13 22:51:28.776303
494272,632087,147605,197093,31772,127137,254454,80199,2022-03-13 22:51:29.745562
576762,73642,4938,6863,9608,9572,5649,6097,2022-03-13 22:51:30.775044
2120452,955748,213327,354195,110031,123766,140285,77193,2022-03-13 22:51:31.753338
251596,681548,49014,52866,21324,17867,33346,17464,2022-03-13 22:51:32.749959
93447,101490,8639,4153,7732,15831,16289,7406,2022-03-13 22:51:33.749825
552864,27455,1613,9185,8804,9885,12484,6214,2022-03-13 22:51:34.752059
559843,304858,6277,17968,16184,65447,50065,20845,2022-03-13 22:51:35.759552
37398,21591,11336,1638,3590,2705,2830,2881,2022-03-13 22:51:36.752130
164124,56759,3532,8470,16390,51056,31252,27540,2022-03-13 22:51:37.747430
194562,15916,4269,3807,2448,5143,7294,3885,2022-03-13 22:51:38.745963
351863,156208,15072,12769,13869,24141,36128,17236,2022-03-13 22:51:39.793691
519904,27242,8062,11097,9993,11945,7225,8537,2022-03-13 22:51:40.748941
247131,57049,8844,12884,4664,7255,3719,6418,2022-03-13 22:51:41.744063
1365779,72959,22933,1803,7508,10975,6424,5457,2022-03-13 22:51:42.750494
331076,57076,27732,8631,3003,5589,2336,4356,2022-03-13 22:51:43.754312
2331219,312440,50232,72212,95459,27837,41705,35378,2022-03-13 22:51:44.750434
91433,82406,31576,48537,41094,60110,30983,22258,2022-03-13 22:51:45.747474
684766,228563,38276,18751,39454,79881,67589,16109,2022-03-13 22:51:46.779531
411895,75224,79808,22464,30983,21860,35390,31182,2022-03-13 22:51:47.753733
2101342,384012,108757,81206,45212,27606,43729,14940,2022-03-13 22:51:48.752426
93436,88239,22370,5398,10494,4667,5116,3585,2022-03-13 22:51:49.747838
136169,27138,20737,17377,21881,47675,22124,55380,2022-03-13 22:51:50.750777
1170674,433521,156748,58555,91710,59151,46268,34408,2022-03-13 22:51:51.743627
755060,512650,138632,29439,171785,61923,352109,37071,2022-03-13 22:51:52.745185
1308481,520268,44482,46096,41736,53327,43728,35536,2022-03-13 22:51:53.767596
728296,34490,22769,15319,48599,13176,22297,13698,2022-03-13 22:51:54.742627
815858,103862,28318,14661,35167,58232,15985,8193,2022-03-13 22:51:55.754410
1091697,614351,302647,54730,30495,239765,101791,116067,2022-03-13 22:51:56.751571
866301,124488,51647,42028,18192,39442,54947,9377,2022-03-13 22:51:57.763250
918259,222964,252255,59710,69625,111196,49304,41106,2022-03-13 22:51:58.748233
897285,76390,28710,14600,13604,8859,10034,31940,2022-03-13 22:51:59.749184
996847,255740,71722,65150,57039,63512,25377,26738,2022-03-13 22:52:00.741483
1150301,94104,7381,16034,9779,17257,10095,7474,2022-03-13 22:52:01.754121
22340,146968,3126,10770,4754,8941,10375,4783,2022-03-13 22:52:02.771899
57916,8818,3307,1344,750,2462,3234,993,2022-03-13 22:52:03.755629
774435,239531,71719,15143,28958,8897,12122,8934,2022-03-13 22:52:04.791033
359466,113833,7815,35688,6854,26542,5269,12314,2022-03-13 22:52:05.756762
68189,9248,3979,12157,3139,4437,5663,2520,2022-03-13 22:52:06.746989
385134,132942,59845,32178,29734,28042,46229,19224,2022-03-13 22:52:07.756106
453252,60557,6124,7782,3858,8757,11295,1892,2022-03-13 22:52:08.754649
435200,20986,28174,17866,6915,6139,7939,6992,2022-03-13 22:52:09.743029
7282,14282,53706,71295,10259,22863,17215,10236,2022-03-13 22:52:10.752440
18148,14091,12998,28625,11829,28616,14948,6065,2022-03-13 22:52:11.801598
219458,166483,6842,60878,6117,24838,32149,14097,2022-03-13 22:52:12.755458
556583,67534,14945,33952,36871,57693,38854,16463,2022-03-13 22:52:13.745934
1614783,130099,21815,28808,10735,34994,27969,20642,2022-03-13 22:52:14.752918
107962,7845,12697,5738,3761,7113,4733,4194,2022-03-13 22:52:15.749258
1174237,83495,15743,4650,17771,30783,12220,18893,2022-03-13 22:52:16.752004
63454,43401,4311,2453,7727,5636,3874,1758,2022-03-13 22:52:17.747079
34985,5338,37509,20980,11612,15675,11267,13871,2022-03-13 22:52:18.792764
37964,16004,22829,39903,11788,37457,7943,12969,2022-03-13 22:52:19.753494
6736,7092,14470,14716,26930,9398,4918,9490,2022-03-13 22:52:20.745667
60002,5457,3325,12588,1356,4367,1055,2325,2022-03-13 22:52:21.750228
5176,26001,19496,1423,28409,8298,5727,8238,2022-03-13 22:52:22.789831
434309,42524,4919,3376,2336,4098,7523,8609,2022-03-13 22:52:23.741942
134350,21490,910,4873,9979,5480,4522,3270,2022-03-13 22:52:24.752630
130193,31091,4137,8455,2583,3344,3094,2369,2022-03-13 22:52:25.744614
11333,9137,2473,6364,6589,13411,54915,12240,2022-03-13 22:52:26.755345
830890,69540,13709,32657,8155,24731,25902,11296,2022-03-13 22:52:27.756016
193025,35430,6145,14059,7332,2034,6049,1950,2022-03-13 22:52:28.753168
943602,290143,91370,166556,34232,31941,15843,16436,2022-03-13 22:52:29.766725
120939,30070,6140,3576,4985,8631,3859,3554,2022-03-13 22:52:30.742384
28684,23241,4360,38802,11667,29503,11756,2167,2022-03-13 22:52:31.742464
130316,18738,2170,1037,235,1045,207,700,2022-03-13 22:52:32.753186
124693,86390,29528,8015,12713,13465,12757,6695,2022-03-13 22:52:33.753115
8958,5220,53442,84661,15012,12317,3887,2949,2022-03-13 22:52:34.775683
356719,52921,27741,7278,5909,7769,2213,1071,2022-03-13 22:52:35.750100
10588,23695,33116,97131,11682,13310,3499,5647,2022-03-13 22:52:36.775137
36482,15776,24840,19929,12916,15678,6413,4198,2022-03-13 22:52:37.749625
21518,33663,23728,28071,13080,11090,5522,2086,2022-03-13 22:52:38.743645
9629,29907,8033,11348,8503,8464,14443,3565,2022-03-13 22:52:39.740271
93721,56465,21585,24116,5997,8957,10036,5044,2022-03-13 22:52:40.769386
62045,28623,280,4799,1734,3310,1684,1205,2022-03-13 22:52:41.740417
2177981,142350,40886,57329,33272,21688,15331,10366,2022-03-13 22:52:42.741125
10666,11700,12763,3668,9787,11796,9176,4129,2022-03-13 22:52:43.767913
11479,22866,32069,17334,9967,9239,13062,6982,2022-03-13 22:52:44.747986
25473,32844,6297,14399,10427,9554,5882,4430,2022-03-13 22:52:45.753685
16013,31874,834,2767,6880,8677,7834,5808,2022-03-13 22:52:46.740305
358951,18341,8855,1745,2447,862,2345,885,2022-03-13 22:52:47.781105
26572,21260,21480,14256,7719,10286,1881,5898,2022-03-13 22:52:48.750809
71631,69290,22139,5210,10607,2629,1525,1050,2022-03-13 22:52:49.748994
170473,35699,9188,16601,5321,7318,4594,1491,2022-03-13 22:52:50.786047
52918,39481,34687,29731,3839,28200,9124,10884,2022-03-13 22:52:51.746131
59544,8439,6724,26824,2311,3217,4472,1331,2022-03-13 22:52:52.756013
2674,26565,2030,22081,13763,28471,8735,4466,2022-03-13 22:52:53.754961
10582,16326,8357,10415,7077,9970,6854,2017,2022-03-13 22:52:54.767196
2383,8529,34904,13240,5649,8782,5652,4926,2022-03-13 22:52:55.745567
3043,8297,2447,15082,4341,9420,3405,5097,2022-03-13 22:52:56.752073
11522,16620,12176,14016,12389,20620,7249,3754,2022-03-13 22:52:57.749039
10266,31788,164006,19674,9894,6604,2574,2771,2022-03-13 22:52:58.740772
8396,12239,5381,25376,2136,5208,3420,4476,2022-03-13 22:52:59.753792
15304,1727,11891,11950,8824,10692,2262,2280,2022-03-13 22:53:00.752202
3010,7257,24708,9714,3091,7441,1420,2387,2022-03-13 22:53:01.748264
4545,4939,34725,10595,5906,6944,3242,6068,2022-03-13 22:53:02.740337
78549,47988,14505,21143,12165,4668,4500,3781,2022-03-13 22:53:03.749237
21324,9123,7220,19912,20066,8887,15391,4577,2022-03-13 22:53:04.744499
38606,20967,2609,10916,8744,1409,1606,514,2022-03-13 22:53:05.799080
13558,9727,14958,67383,7003,7770,1799,2833,2022-03-13 22:53:06.770534
78750,88183,7640,9133,4523,6626,5250,1562,2022-03-13 22:53:07.751414
5607,9384,2176,3658,8927,17469,2985,4325,2022-03-13 22:53:08.755119
20222,8560,51535,21485,15489,5745,9855,7519,2022-03-13 22:53:09.739838
12610,16386,10404,18724,3680,11366,5567,2574,2022-03-13 22:53:10.752801
770584,47770,12863,17613,32015,16072,20086,17200,2022-03-13 22:53:11.754239
73944,181559,9704,3930,8039,8190,24242,5165,2022-03-13 22:53:12.770261
694519,131335,103713,21144,11223,9631,15348,33986,2022-03-13 22:53:13.752800
1889002,40102,26445,13505,8730,13406,6317,7014,2022-03-13 22:53:14.742518
1132534,130832,40144,79343,21591,17151,40544,26103,2022-03-13 22:53:15.750609
38235,25625,15901,13918,15494,18135,32911,12350,2022-03-13 22:53:16.753246
1859041,196234,6117,13165,7347,4842,5193,6731,2022-03-13 22:53:17.752956
114178,13805,764,3853,3163,3374,3056,5660,2022-03-13 22:53:18.742629
16310,68472,39678,19526,19460,18887,16754,12381,2022-03-13 22:53:19.760816
17014,8471,5478,2620,2941,3868,2849,2898,2022-03-13 22:53:20.745804
21419,11495,6597,12006,12052,22472,13321,13126,2022-03-13 22:53:21.749077
4600,18793,20597,5765,7300,9111,14865,9840,2022-03-13 22:53:22.769056
296178,16677,14509,14719,4967,8806,3086,1417,2022-03-13 22:53:23.769447
12293,24833,11212,24171,3791,11775,8813,13201,2022-03-13 22:53:24.750370
13925,18496,626,16272,2597,8641,6202,7634,2022-03-13 22:53:25.757457
20010,19337,10716,24996,11541,14093,8304,3716,2022-03-13 22:53:26.750226
36965,34492,28470,31492,3013,9438,6025,4969,2022-03-13 22:53:27.748126
13738,47153,9260,6092,6027,6138,4833,7043,2022-03-13 22:53:28.746549
4309,26191,32146,6280,6783,7617,3278,2930,2022-03-13 22:53:29.741177
3667,21530,17030,15142,5846,11005,3642,2232,2022-03-13 22:53:30.790385
6903,18761,18705,12111,2032,10585,2488,1213,2022-03-13 22:53:31.753268
30851,23790,7777,18505,4405,4669,2962,2613,2022-03-13 22:53:32.744839
4544,5152,12403,21014,12072,8579,3912,2745,2022-03-13 22:53:33.742672
6189,17767,66861,14326,3317,5159,3725,1972,2022-03-13 22:53:34.751544
3615,8856,8137,3570,5438,5371,835,3840,2022-03-13 22:53:35.752448
5960,26766,2058,5195,4511,5531,2469,1119,2022-03-13 22:53:36.757517
20791,18059,11770,22731,13635,5959,1473,807,2022-03-13 22:53:37.774985
19436,17927,43579,50448,8931,7013,3206,916,2022-03-13 22:53:38.739193
2506,18838,31826,35031,4351,4616,1379,1234,2022-03-13 22:53:39.747177
8179,17171,14350,18943,5110,7836,2553,2011,2022-03-13 22:53:40.746076
5893,10352,59895,42584,2028,3793,1471,1023,2022-03-13 22:53:41.739819
10422,15327,24583,17133,3828,3068,1908,1403,2022-03-13 22:53:42.754071
38286,20500,14544,78115,22517,9014,6294,5975,2022-03-13 22:53:43.746388
141058,8966,730,2626,2535,1255,1291,799,2022-03-13 22:53:44.751124
325226,153081,9725,3807,5097,5619,3501,2907,2022-03-13 22:53:45.747511
21861,20296,7069,10415,6110,15844,10458,6404,2022-03-13 22:53:46.743480
125933,99945,24294,38707,24815,17277,25920,7018,2022-03-13 22:53:47.747569
608097,163306,59289,53726,38816,17501,15777,15071,2022-03-13 22:53:48.796284
16798,21511,21757,27958,40734,15098,14097,13195,2022-03-13 22:53:49.743656
2768,17372,18730,44116,13812,21842,8796,5599,2022-03-13 22:53:50.742618
4479,3540,24973,9603,7168,10344,22771,8876,2022-03-13 22:53:51.752077
23280,11554,4369,2905,6348,9482,10433,5317,2022-03-13 22:53:52.748357
208484,20366,6803,3104,2114,2246,1286,817,2022-03-13 22:53:53.744335
21326,11197,12101,32618,11473,9794,12717,3876,2022-03-13 22:53:54.740284
53552,46486,15075,5342,8060,3273,2234,463,2022-03-13 22:53:55.762827
14103,7629,4971,73162,7832,12040,10301,1939,2022-03-13 22:53:56.750236
111132,23539,5990,1956,1460,1631,2078,911,2022-03-13 22:53:57.746448
10477,11940,44019,18689,5172,8964,17694,3599,2022-03-13 22:53:58.753968
19751,13420,40834,28852,14579,8696,7292,3199,2022-03-13 22:53:59.742488
137246,115492,12594,19344,26745,51970,28260,24545,2022-03-13 22:54:00.747795
31398,24796,3854,25018,9581,28334,17339,11230,2022-03-13 22:54:01.747559
313373,65263,17438,8805,7551,8063,3617,1508,2022-03-13 22:54:02.767850
28876,29059,10584,25126,20943,16157,10997,7466,2022-03-13 22:54:03.752820
555973,31201,11531,705,8005,6830,2559,2224,2022-03-13 22:54:04.750694
82616,128858,22779,15268,7340,13062,8401,9721,2022-03-13 22:54:05.748466
281663,78218,49012,10210,23709,7626,13474,4339,2022-03-13 22:54:06.800547
912088,74721,8736,16476,11690,18732,12316,9025,2022-03-13 22:54:07.753054
144482,20983,3965,1566,1469,1104,622,266,2022-03-13 22:54:08.748405
2446,16563,17284,5808,8189,10554,9888,6342,2022-03-13 22:54:09.751630
24089,69037,10473,3501,7529,8812,11442,5030,2022-03-13 22:54:10.744803
131577,46018,28504,26088,24766,16554,10368,5637,2022-03-13 22:54:11.747873
264849,12777,7801,3818,878,2070,2680,310,2022-03-13 22:54:12.741318
39966,15675,8480,27542,6054,18575,5251,5208,2022-03-13 22:54:13.766992
14716,19173,5554,16682,9360,13791,13476,6723,2022-03-13 22:54:14.753223
41164,148850,96314,78301,30683,53411,19442,12833,2022-03-13 22:54:15.752251
29829,40518,31055,10696,21194,23255,11974,14460,2022-03-13 22:54:16.753606
200879,256018,33382,11600,24707,16287,25519,7556,2022-03-13 22:54:17.752448
64943,91195,20541,5698,5315,5741,8741,2961,2022-03-13 22:54:18.746066
2519944,165812,66945,124744,22911,32814,15781,8916,2022-03-13 22:54:19.739254
1887018,286423,24641,26824,20056,15555,13794,5098,2022-03-13 22:54:20.768248
74527,27991,8990,21641,27095,18088,26978,6295,2022-03-13 22:54:21.754442
34808,12427,87465,2893,27007,9970,22404,5707,2022-03-13 22:54:22.755408
45842,30234,11980,6648,4572,19122,14912,4668,2022-03-13 22:54:23.742491
3674,20705,15123,15017,11111,8248,21830,10135,2022-03-13 22:54:24.754541
418174,188096,14639,37073,9559,7707,14745,5243,2022-03-13 22:54:25.741808
91102,13812,20444,4503,6177,4012,5830,1470,2022-03-13 22:54:26.745752
5308,10000,7110,12776,7695,15959,8201,6546,2022-03-13 22:54:27.766135
540490,124425,11755,15088,25531,18243,12142,11022,2022-03-13 22:54:28.742590
35055,79107,20137,6759,6104,6227,9855,9295,2022-03-13 22:54:29.746135
16564,4071,2526,16468,7627,13344,7797,6012,2022-03-13 22:54:30.754688
28580,13728,10075,5078,4055,2764,1007,1068,2022-03-13 22:54:31.780623
33907,46736,3802,31952,12061,14679,24251,9544,2022-03-13 22:54:32.745197
76031,12298,7826,11399,6053,3618,3674,1931,2022-03-13 22:54:33.748542
102328,25899,48080,5329,6321,5132,5180,2777,2022-03-13 22:54:34.747073
24043,28843,13418,9038,4732,13348,26801,10021,2022-03-13 22:54:35.743752
456268,125920,51664,48355,22611,20321,11302,9358,2022-03-13 22:54:36.748279
2858189,43779,3986,11602,25184,9660,16637,11879,2022-03-13 22:54:37.739496
2226965,155526,40687,71630,77679,39142,43368,55974,2022-03-13 22:54:38.767303
1618852,748336,16470,39988,55862,74760,83892,36412,2022-03-13 22:54:39.742664
29760,7725,4287,6445,2761,9072,5936,8581,2022-03-13 22:54:40.750154
916585,252809,47019,23415,13450,16138,9899,16528,2022-03-13 22:54:41.749789
206194,54880,13240,16148,15837,17417,24173,34678,2022-03-13 22:54:42.771984
157395,38542,30087,18226,17435,28911,35409,19728,2022-03-13 22:54:43.752483
685159,30954,43096,37980,7240,25625,40553,9433,2022-03-13 22:54:44.751854
1667,9188,1552,17898,24879,23090,28981,19729,2022-03-13 22:54:45.748482
1022904,110645,6655,12143,12054,23759,32014,32312,2022-03-13 22:54:46.751966
118359,32473,27790,10205,7044,24803,19722,7975,2022-03-13 22:54:47.741015
247269,134551,34104,31178,9058,23309,27942,13828,2022-03-13 22:54:48.749324
17863,41861,36755,18430,17712,26406,19532,11841,2022-03-13 22:54:49.758446
12802,66735,25309,4637,11578,9589,7756,3910,2022-03-13 22:54:50.749445
451467,36488,8876,21492,11161,23929,17108,7158,2022-03-13 22:54:51.740062
40495,56669,35639,12343,9006,4068,1151,908,2022-03-13 22:54:52.747284
1169162,54611,14577,6394,10941,11786,10085,5628,2022-03-13 22:54:53.749342
72364,29251,28365,13956,8158,7216,5929,1286,2022-03-13 22:54:54.739665
4832,10741,15464,2535,4812,7666,10448,1871,2022-03-13 22:54:55.738850
2724,120709,24449,20094,22973,6874,7925,9998,2022-03-13 22:54:56.767801
107462,46639,24210,15917,12050,28298,15020,13943,2022-03-13 22:54:57.741047
1660962,459856,89543,59101,106867,159439,115640,62652,2022-03-13 22:54:58.740983
1268113,416855,17712,94344,48038,131508,165269,79666,2022-03-13 22:54:59.752490
631570,205566,143795,11952,50867,29830,48079,40381,2022-03-13 22:55:00.741964
29548,64424,5849,9895,2443,6400,10733,6400,2022-03-13 22:55:01.751454
3579,24189,19454,11358,6671,4460,17885,22293,2022-03-13 22:55:02.750217
185110,14457,20715,11254,5487,2310,5125,4101,2022-03-13 22:55:03.764646
252069,158312,56351,31763,10874,7848,11784,14814,2022-03-13 22:55:04.739805
810609,138569,84077,55374,11402,12975,7574,8162,2022-03-13 22:55:05.741135
67486,92965,40868,22874,12157,6194,4296,2951,2022-03-13 22:55:06.741786
163767,38099,19919,23265,21828,14328,7114,4067,2022-03-13 22:55:07.775009
225154,51297,35498,52941,21422,14512,12424,16199,2022-03-13 22:55:08.740271
669669,19433,7689,11162,25299,9410,10124,3344,2022-03-13 22:55:09.741052
564389,310298,79214,125653,29103,14046,42810,22417,2022-03-13 22:55:10.748713
18604,35268,34560,7288,9666,10944,6111,6388,2022-03-13 22:55:11.742381
106850,21576,16506,10407,6505,4322,3555,1371,2022-03-13 22:55:12.738245
10030,7672,3457,2880,6867,5960,11398,2555,2022-03-13 22:55:13.739355
6351,9125,7178,8036,6678,14726,1941,2059,2022-03-13 22:55:14.808015
134116,32554,16797,6308,17979,8840,6202,4551,2022-03-13 22:55:15.741948
123531,7372,1043,3194,2410,2732,1406,1023,2022-03-13 22:55:16.754211
83921,9540,6734,4815,1206,898,1031,684,2022-03-13 22:55:17.743178
833,9500,35017,23507,5244,5394,4163,3423,2022-03-13 22:55:18.743370
129845,39847,18896,11444,9132,11663,4009,6443,2022-03-13 22:55:19.743092
332000,905559,73605,75753,46795,53178,22397,16518,2022-03-13 22:55:20.751577
449045,14108,8779,5033,4511,7872,5736,1212,2022-03-13 22:55:21.765554
72264,27535,1283,6852,8271,2275,3602,1670,2022-03-13 22:55:22.740476
40550,130373,31778,15829,10124,16273,5653,2747,2022-03-13 22:55:23.742683
1350963,213314,23203,27960,32377,18335,11720,4801,2022-03-13 22:55:24.741202
304256,18244,17126,16368,1233,2393,2876,819,2022-03-13 22:55:25.743512
51552,44887,6788,5959,2337,1692,1521,960,2022-03-13 22:55:26.752934
14397,17063,10880,3581,9224,8917,5759,3091,2022-03-13 22:55:27.738807
5610,20678,10541,16657,3831,6389,5615,5283,2022-03-13 22:55:28.764774
216234,28672,4303,5439,846,2042,884,679,2022-03-13 22:55:29.752006
32191,81206,34542,44591,18239,11009,5171,2614,2022-03-13 22:55:30.751969
1369067,184817,22042,30896,7094,9501,6525,4112,2022-03-13 22:55:31.750095
8111,65363,9981,33402,7364,7069,6906,3089,2022-03-13 22:55:32.770826
114600,28463,12671,5600,3820,2407,2146,2873,2022-03-13 22:55:33.739326
32317,30254,15096,23064,10716,8216,5039,3018,2022-03-13 22:55:34.745195
86403,132470,51851,10570,12193,13533,11053,8045,2022-03-13 22:55:35.740761
224595,107864,25410,6009,7934,16107,10054,5210,2022-03-13 22:55:36.741954
47851,42422,29381,31594,13940,16012,13854,11941,2022-03-13 22:55:37.749219
150442,35334,38528,6614,13487,5522,5041,2015,2022-03-13 22:55:38.751891
28251,6800,941,10395,1682,2823,2051,1136,2022-03-13 22:55:39.786819
129360,21717,18782,11934,1629,4250,2242,953,2022-03-13 22:55:40.741087
1671478,161890,27126,21366,5280,7140,4341,2971,2022-03-13 22:55:41.749910
150632,15715,21437,4679,3312,3849,3248,1753,2022-03-13 22:55:42.746406
1033649,116519,33951,41116,15813,14280,18158,16125,2022-03-13 22:55:43.749407
24014,31185,29759,20607,16151,20568,14021,20314,2022-03-13 22:55:44.741422
174466,23413,3548,12256,6465,14695,7356,6829,2022-03-13 22:55:45.738443
250652,342925,33481,73528,30228,25155,26990,19496,2022-03-13 22:55:46.780660
861126,155239,4744,18632,11256,8047,14079,5986,2022-03-13 22:55:47.743624
369380,22633,78715,15841,14538,33212,38653,16125,2022-03-13 22:55:48.740005
77623,175213,21619,13915,19413,33358,14841,10706,2022-03-13 22:55:49.754059
3358,13501,4662,21823,8622,34732,20170,6124,2022-03-13 22:55:50.782175
78327,33852,24184,43559,14595,14612,10074,6667,2022-03-13 22:55:51.749942
74535,29576,8371,24938,4753,6921,4100,4320,2022-03-13 22:55:52.743069
402476,248085,16456,7578,5598,10247,13765,5451,2022-03-13 22:55:53.751169
52844,22138,10897,3697,25500,17299,23820,10109,2022-03-13 22:55:54.747523
107702,41102,50895,25304,9730,23631,25527,7614,2022-03-13 22:55:55.752002
229034,11851,18435,3010,4386,7272,4524,2176,2022-03-13 22:55:56.742650
870676,50872,11457,20310,6190,12734,11083,10253,2022-03-13 22:55:57.780533
6600,17054,35658,25008,11048,10110,8114,5809,2022-03-13 22:55:58.741775
23724,4916,14428,3454,3574,4627,1433,988,2022-03-13 22:55:59.743708
47173,57908,54316,32577,12122,11630,9482,11553,2022-03-13 22:56:00.739801
47441,35246,17896,21887,24666,17215,16386,6043,2022-03-13 22:56:01.748846
21854,38549,1059,31497,9454,10735,15376,4229,2022-03-13 22:56:02.744373
45229,38084,4085,3352,3576,1817,1793,595,2022-03-13 22:56:03.744989
4016,15511,67452,17903,4784,9712,4941,3070,2022-03-13 22:56:04.770370
17998,11658,6591,24394,23308,10460,5578,4953,2022-03-13 22:56:05.737579
12766,83724,40590,29238,9911,15384,11079,4942,2022-03-13 22:56:06.738928
1368600,183265,126145,18325,31595,27323,45979,28759,2022-03-13 22:56:07.740508
159426,50954,7013,5833,11672,13225,11535,2843,2022-03-13 22:56:08.749521
97499,25930,19758,4589,4040,3270,7640,1338,2022-03-13 22:56:09.738119
34549,41740,30799,10076,3233,2742,3296,2067,2022-03-13 22:56:10.738946
24210,39909,38333,47335,14926,35960,6689,3464,2022-03-13 22:56:11.778604
347239,33504,18233,10283,7017,2106,4157,1775,2022-03-13 22:56:12.751764
88911,20449,3935,2846,1756,2455,1471,2734,2022-03-13 22:56:13.742710
219933,22464,5301,6865,1945,3795,1387,853,2022-03-13 22:56:14.741274
881092,201597,35523,16022,14006,27327,13757,5607,2022-03-13 22:56:15.787236
34925,23253,7938,18690,16066,15492,11477,2550,2022-03-13 22:56:16.742697
299590,45071,12722,22047,7431,8139,3556,2025,2022-03-13 22:56:17.740284
10672,48326,7784,36538,10694,6474,3424,4037,2022-03-13 22:56:18.738389
135317,12864,6423,1614,7526,2242,1882,1674,2022-03-13 22:56:19.748984
3226,28753,6376,25500,4442,6309,8253,2341,2022-03-13 22:56:20.751856
11250,29675,6340,30286,3906,8354,6932,1739,2022-03-13 22:56:21.749644
6285,10164,2868,25693,9165,12771,7275,3152,2022-03-13 22:56:22.774652
17187,9886,14286,22845,10403,10649,8442,1851,2022-03-13 22:56:23.751857
13069,14334,6557,14924,6024,4883,5177,2928,2022-03-13 22:56:24.754445
655009,70799,23704,9962,10593,6393,3231,2999,2022-03-13 22:56:25.739553
62330,19358,25988,24713,23930,5373,2108,2887,2022-03-13 22:56:26.740545
13476,22606,20959,20794,7306,5859,3749,4350,2022-03-13 22:56:27.753687
354117,132149,38648,8341,20698,17083,3524,4219,2022-03-13 22:56:28.739030
119136,85575,38645,107401,43861,25251,11150,18145,2022-03-13 22:56:29.754189
1285251,24701,13844,8431,4471,3625,4872,2091,2022-03-13 22:56:30.739291
783177,75274,7300,5753,20594,18851,19968,8048,2022-03-13 22:56:31.751038
440559,144845,42309,35672,8925,9825,6163,6780,2022-03-13 22:56:32.753478
35458,26199,10210,16541,13615,21929,3623,4043,2022-03-13 22:56:33.766729
6673,61364,12290,12313,12967,6368,4016,2444,2022-03-13 22:56:34.738902
25664,54078,10610,7136,3537,7459,2149,4484,2022-03-13 22:56:35.751661
43506,14468,26120,43090,6256,4844,2334,2064,2022-03-13 22:56:36.752984
61143,26161,9021,3986,1657,2316,768,267,2022-03-13 22:56:37.746687
4439,13335,3645,6084,6666,3253,3002,1318,2022-03-13 22:56:38.749338
350736,166627,58299,19465,10414,23203,13136,15277,2022-03-13 22:56:39.742136
28018,27523,1139,46345,6778,13135,7170,10991,2022-03-13 22:56:40.795598
36753,24545,2895,3888,4271,2839,2543,1992,2022-03-13 22:56:41.739202
12599,12049,41648,4172,4669,7949,6496,6851,2022-03-13 22:56:42.736393
593731,269376,63564,82194,26396,5058,7030,9948,2022-03-13 22:56:43.752020
141356,26757,25468,1866,7091,5052,1240,468,2022-03-13 22:56:44.751271
75062,56876,39813,21032,5775,13113,5312,2538,2022-03-13 22:56:45.740576
20319,12319,9557,45476,34876,13969,8953,2361,2022-03-13 22:56:46.748116
2191154,79477,24372,42141,20052,14920,24993,21167,2022-03-13 22:56:47.764611
545343,37695,18239,13978,10623,4394,5238,5869,2022-03-13 22:56:48.742048
34074,83904,1743,10741,7046,10074,5957,3447,2022-03-13 22:56:49.749169
83967,157072,39636,16368,7656,4739,2096,6764,2022-03-13 22:56:50.748658
714900,192283,44461,26466,19940,16548,17683,5681,2022-03-13 22:56:51.749836
202241,9008,6425,3329,430,772,606,166,2022-03-13 22:56:52.742332
260259,37569,10650,10456,3027,1454,271,597,2022-03-13 22:56:53.747152
10673,12918,1982,21180,2135,4793,2182,2133,2022-03-13 22:56:54.759500
115889,14238,7714,3430,2043,1089,2996,617,2022-03-13 22:56:55.740090
22975,21218,16927,21037,8314,7673,5764,2550,2022-03-13 22:56:56.748078
6045,6671,5480,19843,6886,3120,3641,4256,2022-03-13 22:56:57.751033
877,10424,6097,15313,8044,3004,9814,8490,2022-03-13 22:56:58.782344
20406,13478,5524,17907,25559,5471,7232,5676,2022-03-13 22:56:59.747622
31114,18274,5054,16478,3064,1631,942,1915,2022-03-13 22:57:00.738713
67273,75446,45662,27468,12034,9940,3579,2293,2022-03-13 22:57:01.737834
450876,115193,32309,8077,29360,5029,1417,1262,2022-03-13 22:57:02.739051
17601,12113,10160,14047,7650,3427,4059,3424,2022-03-13 22:57:03.750110
44707,24070,17952,6143,2227,3531,629,887,2022-03-13 22:57:04.749030
455257,47136,23397,10425,4376,4501,2523,906,2022-03-13 22:57:05.778323
311879,89035,22774,9367,7527,11974,5561,2707,2022-03-13 22:57:06.739927
22522,19650,2409,7418,1982,2513,1201,712,2022-03-13 22:57:07.741792
7135,8655,3982,5702,15072,4637,4350,3994,2022-03-13 22:57:08.739606
79414,19154,29904,11571,2512,1895,741,459,2022-03-13 22:57:09.751655
19685,9221,4037,4252,2892,4395,5359,3971,2022-03-13 22:57:10.738761
477174,237193,83232,48326,8125,16519,23790,14501,2022-03-13 22:57:11.741993
26512,35655,37180,8136,30433,11508,11483,16432,2022-03-13 22:57:12.750670
24605,58353,12754,23362,19207,19454,9398,15419,2022-03-13 22:57:13.747604
143654,13800,4112,3880,1504,1793,2513,1018,2022-03-13 22:57:14.750049
103508,30210,25658,10455,9550,13150,8822,10694,2022-03-13 22:57:15.744191
24232,78233,9707,5787,9949,6548,15121,5016,2022-03-13 22:57:16.767234
214029,38410,9571,18328,3366,1893,2371,1852,2022-03-13 22:57:17.742394
1232720,242155,31875,14304,12500,9635,6117,3239,2022-03-13 22:57:18.740595
439574,506780,24109,20695,28356,15944,26067,7458,2022-03-13 22:57:19.742198
2056208,49830,26470,5379,31988,81623,64320,47825,2022-03-13 22:57:20.739439
434710,53296,10661,1966,8406,3145,2955,2337,2022-03-13 22:57:21.753118
46325,22276,8345,2125,586,4697,1961,1265,2022-03-13 22:57:22.743327
39648,29852,71156,15169,15960,13658,5451,3033,2022-03-13 22:57:23.787349
102209,76073,6890,9111,4311,6300,2258,1271,2022-03-13 22:57:24.750022
24797,6448,196,2131,2576,2830,1243,518,2022-03-13 22:57:25.746791
12057,12029,16603,41654,8428,7130,3629,2269,2022-03-13 22:57:26.741942
43430,27704,12302,10850,9813,5066,6276,5702,2022-03-13 22:57:27.744412
1344437,187417,54522,17964,20551,7910,5148,3925,2022-03-13 22:57:28.740367
45869,72104,2873,16869,11826,11211,36593,21117,2022-03-13 22:57:29.749423
133923,25346,6027,4459,2161,3009,2835,1476,2022-03-13 22:57:30.756156
194200,74249,23966,15312,17100,12316,10297,3401,2022-03-13 22:57:31.747632
61441,29600,4161,14540,3374,3763,1889,1162,2022-03-13 22:57:32.753239
428480,40286,65562,22126,16277,10997,5595,9371,2022-03-13 22:57:33.738977
130117,43029,4190,19553,5945,4273,1576,984,2022-03-13 22:57:34.746132
312638,73300,29201,6139,16014,14443,8827,36471,2022-03-13 22:57:35.751183
82350,12071,1132,7643,7416,3269,1962,1350,2022-03-13 22:57:36.738874
34758,38499,18828,24087,16752,8729,3801,5742,2022-03-13 22:57:37.775591
52081,22620,3311,19926,5454,7574,6847,8561,2022-03-13 22:57:38.749605
10900,17803,7573,40629,10816,12494,10032,6245,2022-03-13 22:57:39.750777
65929,34389,47697,13767,15694,12556,7142,3518,2022-03-13 22:57:40.737928
37325,14109,32755,31850,7515,11902,6819,7423,2022-03-13 22:57:41.780137
2864,11516,12163,26753,16287,20453,3848,4808,2022-03-13 22:57:42.739471
51171,54323,41640,31463,9823,24881,7111,5840,2022-03-13 22:57:43.735581
10723,68843,30364,26397,14002,7721,4021,2447,2022-03-13 22:57:44.747740
244155,62920,9662,13257,6412,1699,2078,421,2022-03-13 22:57:45.737363
86730,19929,6244,6755,2493,1610,644,1753,2022-03-13 22:57:46.739745
63650,18060,6257,1275,4844,2887,1808,1022,2022-03-13 22:57:47.752488
48821,38313,13579,16220,26005,22360,8535,3160,2022-03-13 22:57:48.760555
667183,127477,73849,41750,36731,21174,26001,30899,2022-03-13 22:57:49.739901
102825,18133,5734,3334,1473,1338,1148,183,2022-03-13 22:57:50.738988
10617,2881,1389,10758,6469,16008,5716,5477,2022-03-13 22:57:51.738023
53572,46579,40796,8690,20345,14693,16195,17981,2022-03-13 22:57:52.737551
145190,46437,23478,3573,5740,7883,3750,4516,2022-03-13 22:57:53.746200
110888,98476,29938,50657,30084,14950,7126,8611,2022-03-13 22:57:54.736080
101328,18985,32296,17335,2924,7780,2008,1122,2022-03-13 22:57:55.764289
132131,55652,4330,14337,5551,20337,13867,5957,2022-03-13 22:57:56.738727
45247,29127,22387,21126,6578,8819,6202,6455,2022-03-13 22:57:57.749763
11955,45417,24238,41696,10966,13426,5418,3492,2022-03-13 22:57:58.742798
24275,55459,57950,27222,11034,9321,14739,3471,2022-03-13 22:57:59.782083
16183,17779,38980,30310,4777,11377,4054,2317,2022-03-13 22:58:00.749451
46855,60542,16671,10907,20334,9484,4480,3534,2022-03-13 22:58:01.746217
58712,6242,5546,117,2211,2434,1786,1323,2022-03-13 22:58:02.736067
21803,18149,7539,19956,15523,17968,5055,1393,2022-03-13 22:58:03.748678
430740,32241,6078,4814,3530,3484,2009,770,2022-03-13 22:58:04.748371
52192,21032,16997,5059,16772,22399,4702,2183,2022-03-13 22:58:05.738404
263611,5436,2630,6818,1130,750,1940,1178,2022-03-13 22:58:06.768247
258106,28703,13904,21789,5170,2153,1652,1154,2022-03-13 22:58:07.750454
30995,5905,2854,6826,3901,1758,946,1125,2022-03-13 22:58:08.751894
146545,24100,32664,4844,4987,2830,1412,812,2022-03-13 22:58:09.740316
25465,12607,13776,27285,6731,7027,4098,1849,2022-03-13 22:58:10.738289
400808,27377,10149,13879,3561,3525,625,565,2022-03-13 22:58:11.739412
39898,42727,8307,9916,8991,6881,4963,3643,2022-03-13 22:58:12.743548
18829,8644,9034,7181,11223,5947,7490,1685,2022-03-13 22:58:13.762369
4774,15908,1155,22315,10257,6721,5161,4472,2022-03-13 22:58:14.741496
215824,108379,3618,6318,3376,7539,7202,1565,2022-03-13 22:58:15.737853
2489943,160982,36309,51320,21855,28267,56186,16396,2022-03-13 22:58:16.751737
21473,2577,2099,972,3876,3372,4596,1571,2022-03-13 22:58:17.769873
17734,23157,16508,20032,16571,17904,11135,7464,2022-03-13 22:58:18.749957
430723,149179,12585,6120,18996,15166,18550,6740,2022-03-13 22:58:19.743294
552283,436603,56940,84176,48442,69936,24665,30624,2022-03-13 22:58:20.746936
185558,72739,15593,3995,4734,4587,4423,1417,2022-03-13 22:58:21.752904
2188867,269783,44324,31286,21203,24592,43789,10842,2022-03-13 22:58:22.740239
